[{"id":1,"Author":"Ariadne Vernazza","BookName":"rutrum rutrum neque aenean auctor","Pages":"2","published Year":1993},
{"id":2,"Author":"Gray Bosward","BookName":"mauris laoreet ut rhoncus aliquet","Pages":"240","published Year":1960},
{"id":3,"Author":"Kendall Mickleborough","BookName":"vestibulum proin eu mi nulla","Pages":"28","published Year":1983},
{"id":4,"Author":"Vincent Dicty","BookName":"nec molestie sed justo pellentesque","Pages":"121","published Year":1973},
{"id":5,"Author":"Benyamin Gostling","BookName":"consectetuer adipiscing elit proin interdum","Pages":"52","published Year":2002},
{"id":6,"Author":"Herve Trayling","BookName":"consequat varius integer ac leo","Pages":"8263","published Year":2012},
{"id":7,"Author":"Vernon Hallagan","BookName":"lectus vestibulum quam sapien varius","Pages":"7520","published Year":2008},
{"id":8,"Author":"Danielle Barradell","BookName":"leo odio porttitor id consequat","Pages":"7","published Year":1996},
{"id":9,"Author":"Loralie Oley","BookName":"consequat ut nulla sed accumsan","Pages":"86","published Year":1997},
{"id":10,"Author":"Armand Pes","BookName":"amet diam in magna bibendum","Pages":"458","published Year":2007},
{"id":11,"Author":"Alene Roggers","BookName":"nec dui luctus rutrum nulla","Pages":"28034","published Year":2000},
{"id":12,"Author":"Mona Dallimore","BookName":"mauris non ligula pellentesque ultrices","Pages":"631","published Year":1992},
{"id":13,"Author":"Elie Drummond","BookName":"mauris eget massa tempor convallis","Pages":"7726","published Year":1993},
{"id":14,"Author":"Gracia Sunnex","BookName":"molestie lorem quisque ut erat","Pages":"389","published Year":2002},
{"id":15,"Author":"Beniamino Valente","BookName":"parturient montes nascetur ridiculus mus","Pages":"24","published Year":1994},
{"id":16,"Author":"Lilian Stubbe","BookName":"nam tristique tortor eu pede","Pages":"657","published Year":1989},
{"id":17,"Author":"Vinita Heining","BookName":"ut suscipit a feugiat et","Pages":"809","published Year":1997},
{"id":18,"Author":"Maisie Pechan","BookName":"in felis eu sapien cursus","Pages":"1","published Year":2008},
{"id":19,"Author":"Willetta Vertey","BookName":"sed ante vivamus tortor duis","Pages":"5","published Year":2004},
{"id":20,"Author":"Gale Huggons","BookName":"porttitor id consequat in consequat","Pages":"067","published Year":1997},
{"id":21,"Author":"Harald Tuck","BookName":"nulla ac enim in tempor","Pages":"7","published Year":1954},
{"id":22,"Author":"Romeo De Maria","BookName":"maecenas tincidunt lacus at velit","Pages":"953","published Year":2012},
{"id":23,"Author":"Elna Michallat","BookName":"facilisi cras non velit nec","Pages":"299","published Year":2009},
{"id":24,"Author":"Shanie Langfat","BookName":"integer a nibh in quis","Pages":"367","published Year":2006},
{"id":25,"Author":"Kristin Lappine","BookName":"est phasellus sit amet erat","Pages":"02424","published Year":2001},
{"id":26,"Author":"Willem Yewman","BookName":"justo etiam pretium iaculis justo","Pages":"75521","published Year":1988},
{"id":27,"Author":"Emmye Peirson","BookName":"quis libero nullam sit amet","Pages":"704","published Year":2001},
{"id":28,"Author":"Jackie Bezant","BookName":"porttitor id consequat in consequat","Pages":"8731","published Year":2006},
{"id":29,"Author":"Roy Furlow","BookName":"in quam fringilla rhoncus mauris","Pages":"64836","published Year":1985},
{"id":30,"Author":"Wyatan Armor","BookName":"velit eu est congue elementum","Pages":"11975","published Year":2009},
{"id":31,"Author":"Sonya Lismer","BookName":"rhoncus aliquam lacus morbi quis","Pages":"402","published Year":2003},
{"id":32,"Author":"Stormie Aisthorpe","BookName":"dictumst aliquam augue quam sollicitudin","Pages":"275","published Year":1993},
{"id":33,"Author":"Joelynn Bachshell","BookName":"ipsum primis in faucibus orci","Pages":"08766","published Year":2010},
{"id":34,"Author":"Jill Sherrin","BookName":"ac tellus semper interdum mauris","Pages":"8","published Year":2000},
{"id":35,"Author":"Abbie D'Cruze","BookName":"enim sit amet nunc viverra","Pages":"9","published Year":1989},
{"id":36,"Author":"Corene McPaike","BookName":"nulla dapibus dolor vel est","Pages":"93614","published Year":1996},
{"id":37,"Author":"Rafaelia Rontree","BookName":"nisl duis bibendum felis sed","Pages":"76","published Year":2011},
{"id":38,"Author":"Ravid Gunstone","BookName":"tortor sollicitudin mi sit amet","Pages":"05470","published Year":2006},
{"id":39,"Author":"Austen Armin","BookName":"vulputate ut ultrices vel augue","Pages":"18773","published Year":2005},
{"id":40,"Author":"Elset Kelby","BookName":"lectus vestibulum quam sapien varius","Pages":"4747","published Year":2001},
{"id":41,"Author":"Bruno McGrouther","BookName":"laoreet ut rhoncus aliquet pulvinar","Pages":"8","published Year":1996},
{"id":42,"Author":"Silva Whaley","BookName":"convallis tortor risus dapibus augue","Pages":"1893","published Year":2011},
{"id":43,"Author":"Jesse Bucher","BookName":"ridiculus mus vivamus vestibulum sagittis","Pages":"1","published Year":1999},
{"id":44,"Author":"Sonia Von Oertzen","BookName":"praesent lectus vestibulum quam sapien","Pages":"199","published Year":1985},
{"id":45,"Author":"Raul Constantinou","BookName":"semper porta volutpat quam pede","Pages":"6","published Year":2010},
{"id":46,"Author":"Wilhelmine Yearne","BookName":"eros suspendisse accumsan tortor quis","Pages":"233","published Year":1996},
{"id":47,"Author":"Gearard Peddie","BookName":"convallis nulla neque libero convallis","Pages":"2","published Year":1991},
{"id":48,"Author":"Eal Fellon","BookName":"et eros vestibulum ac est","Pages":"74575","published Year":1989},
{"id":49,"Author":"Adelice Van der Daal","BookName":"massa id lobortis convallis tortor","Pages":"07183","published Year":2001},
{"id":50,"Author":"Rolando Chancelier","BookName":"mauris eget massa tempor convallis","Pages":"596","published Year":2008},
{"id":51,"Author":"Jenn Audiss","BookName":"adipiscing lorem vitae mattis nibh","Pages":"85","published Year":1999},
{"id":52,"Author":"Ange Shambrooke","BookName":"eu tincidunt in leo maecenas","Pages":"8782","published Year":2006},
{"id":53,"Author":"Julianna Crampton","BookName":"ante ipsum primis in faucibus","Pages":"22695","published Year":1999},
{"id":54,"Author":"Joby Missenden","BookName":"dolor sit amet consectetuer adipiscing","Pages":"5","published Year":1997},
{"id":55,"Author":"Cecilius Dufton","BookName":"amet erat nulla tempus vivamus","Pages":"454","published Year":1997},
{"id":56,"Author":"Montague Bischof","BookName":"augue vestibulum ante ipsum primis","Pages":"577","published Year":1997},
{"id":57,"Author":"Ximenez Canto","BookName":"sem mauris laoreet ut rhoncus","Pages":"74","published Year":2010},
{"id":58,"Author":"Conrado Shipcott","BookName":"luctus rutrum nulla tellus in","Pages":"93471","published Year":2003},
{"id":59,"Author":"Latashia Franscioni","BookName":"in imperdiet et commodo vulputate","Pages":"0","published Year":1994},
{"id":60,"Author":"Frederique Taphouse","BookName":"mauris laoreet ut rhoncus aliquet","Pages":"681","published Year":1998},
{"id":61,"Author":"Terrye Rikard","BookName":"ligula sit amet eleifend pede","Pages":"0449","published Year":1996},
{"id":62,"Author":"Nesta Slowey","BookName":"montes nascetur ridiculus mus etiam","Pages":"718","published Year":2011},
{"id":63,"Author":"Cairistiona McCraw","BookName":"mus vivamus vestibulum sagittis sapien","Pages":"9256","published Year":2008},
{"id":64,"Author":"Ximenez Rolf","BookName":"in magna bibendum imperdiet nullam","Pages":"077","published Year":1996},
{"id":65,"Author":"Denys Fairbeard","BookName":"posuere metus vitae ipsum aliquam","Pages":"504","published Year":2010},
{"id":66,"Author":"Alie Ragbourne","BookName":"erat eros viverra eget congue","Pages":"70777","published Year":2011},
{"id":67,"Author":"Cissy Fitch","BookName":"ut odio cras mi pede","Pages":"6","published Year":1995},
{"id":68,"Author":"Agatha Hlavac","BookName":"neque aenean auctor gravida sem","Pages":"8","published Year":2012},
{"id":69,"Author":"Leila Abramzon","BookName":"accumsan odio curabitur convallis duis","Pages":"023","published Year":2008},
{"id":70,"Author":"Gaspar Orbine","BookName":"praesent blandit nam nulla integer","Pages":"7","published Year":2012},
{"id":71,"Author":"Nita Manton","BookName":"tristique in tempus sit amet","Pages":"4828","published Year":1993},
{"id":72,"Author":"Clement Milligan","BookName":"pede justo eu massa donec","Pages":"2459","published Year":2006},
{"id":73,"Author":"Jocko Kermitt","BookName":"et magnis dis parturient montes","Pages":"913","published Year":2003},
{"id":74,"Author":"Rivkah Vreiberg","BookName":"pharetra magna vestibulum aliquet ultrices","Pages":"4309","published Year":2004},
{"id":75,"Author":"Flinn Shevlane","BookName":"ante nulla justo aliquam quis","Pages":"3","published Year":1986},
{"id":76,"Author":"Miquela McKern","BookName":"in congue etiam justo etiam","Pages":"48","published Year":2008},
{"id":77,"Author":"Ned Comsty","BookName":"praesent blandit lacinia erat vestibulum","Pages":"9","published Year":2006},
{"id":78,"Author":"Rubina Raith","BookName":"in sagittis dui vel nisl","Pages":"90569","published Year":2003},
{"id":79,"Author":"Hally Heckle","BookName":"quam fringilla rhoncus mauris enim","Pages":"63851","published Year":2008},
{"id":80,"Author":"Trace Oakenfall","BookName":"habitasse platea dictumst etiam faucibus","Pages":"005","published Year":1993},
{"id":81,"Author":"Winston Caughtry","BookName":"nec euismod scelerisque quam turpis","Pages":"60870","published Year":2008},
{"id":82,"Author":"Pat Rockcliffe","BookName":"ipsum primis in faucibus orci","Pages":"17837","published Year":1989},
{"id":83,"Author":"Hatti Hessenthaler","BookName":"elit proin interdum mauris non","Pages":"78","published Year":2010},
{"id":84,"Author":"Mallory Alvarez","BookName":"molestie sed justo pellentesque viverra","Pages":"3538","published Year":1999},
{"id":85,"Author":"Gianna Bowfin","BookName":"nisi at nibh in hac","Pages":"81","published Year":2009},
{"id":86,"Author":"Theadora Moulin","BookName":"aenean lectus pellentesque eget nunc","Pages":"876","published Year":1994},
{"id":87,"Author":"Frasco Detoile","BookName":"phasellus id sapien in sapien","Pages":"39","published Year":2001},
{"id":88,"Author":"Susie Boshard","BookName":"aliquam quis turpis eget elit","Pages":"9938","published Year":1992},
{"id":89,"Author":"Ky Bevar","BookName":"ut volutpat sapien arcu sed","Pages":"35206","published Year":1987},
{"id":90,"Author":"Michaella Tedridge","BookName":"laoreet ut rhoncus aliquet pulvinar","Pages":"1","published Year":2000},
{"id":91,"Author":"Balduin Ingall","BookName":"a pede posuere nonummy integer","Pages":"6360","published Year":1997},
{"id":92,"Author":"Ruddie Le Huquet","BookName":"at dolor quis odio consequat","Pages":"19","published Year":2012},
{"id":93,"Author":"Feodora Elvish","BookName":"turpis a pede posuere nonummy","Pages":"3734","published Year":1993},
{"id":94,"Author":"Loreen Mullaney","BookName":"duis faucibus accumsan odio curabitur","Pages":"317","published Year":2010},
{"id":95,"Author":"Sawyere Rapley","BookName":"cum sociis natoque penatibus et","Pages":"6015","published Year":2003},
{"id":96,"Author":"Augusto Yann","BookName":"magna vestibulum aliquet ultrices erat","Pages":"569","published Year":2011},
{"id":97,"Author":"Tamiko Askam","BookName":"turpis eget elit sodales scelerisque","Pages":"7341","published Year":1992},
{"id":98,"Author":"Delano Load","BookName":"eget orci vehicula condimentum curabitur","Pages":"6971","published Year":1989},
{"id":99,"Author":"Germain Sporton","BookName":"quam sollicitudin vitae consectetuer eget","Pages":"3","published Year":1996},
{"id":100,"Author":"Zedekiah Bartlett","BookName":"sed tincidunt eu felis fusce","Pages":"026","published Year":2012}]